{"count":1,"self":84.129958399999992,"total":95.8210558,"children":{"AgentResetIfDone":{"count":2783,"self":0.076082799999999992,"total":0.076082799999999992,"children":null},"AgentSendState":{"count":2783,"self":0.037036,"total":0.0470478,"children":{"CollectObservations":{"count":557,"self":0.0100118,"total":0.0100118,"children":null}}},"DecideAction":{"count":2783,"self":10.7160048,"total":11.525920399999999,"children":{"CameraSensor.WriteToTensor":{"count":557,"self":0.809916,"total":0.809916,"children":null}}},"AcademyStep":{"count":2783,"self":0.0190185,"total":0.0190185,"children":null},"AgentAct":{"count":2783,"self":0.0220301,"total":0.0220301,"children":null}}}