{"count":1,"gauges":{},"self":60.0016128,"total":86.1900302,"children":{"AgentResetIfDone":{"count":4294,"self":0.2694213,"total":0.2694213,"children":null},"AgentSendState":{"count":4294,"self":0.050051399999999996,"total":0.062063299999999995,"children":{"CollectObservations":{"count":1154,"self":0.012011899999999999,"total":0.012011899999999999,"children":null}}},"DecideAction":{"count":4294,"self":22.596528,"total":23.710818099999997,"children":{"CameraSensor.WriteToTensor":{"count":784,"self":1.1142900999999998,"total":1.1142900999999998,"children":null}}},"AgentAct":{"count":4294,"self":2.1451135999999997,"total":2.1451135999999997,"children":null}}}