{"count":1,"gauges":{},"self":15.8923072,"total":17.6842309,"children":{"AgentResetIfDone":{"count":421,"self":0.0020020999999999997,"total":0.0020020999999999997,"children":null},"AgentSendState":{"count":421,"self":0.0020017999999999998,"total":0.0030028,"children":{"CollectObservations":{"count":85,"self":0.001001,"total":0.001001,"children":null}}},"DecideAction":{"count":421,"self":1.6747881999999998,"total":1.779911,"children":{"CameraSensor.WriteToTensor":{"count":85,"self":0.10512279999999999,"total":0.10512279999999999,"children":null}}},"AgentAct":{"count":421,"self":0.0060065,"total":0.0060065,"children":null}}}