{"count":1,"gauges":{},"self":34.6002272,"total":34.6542801,"children":{"AgentResetIfDone":{"count":1724,"self":0.025024499999999998,"total":0.025024499999999998,"children":null},"AgentSendState":{"count":1724,"self":0.0100094,"total":0.013012099999999999,"children":{"CollectObservations":{"count":293,"self":0.0030027,"total":0.0030027,"children":null}}},"DecideAction":{"count":1724,"self":0.010010699999999999,"total":0.010010699999999999,"children":null},"AgentAct":{"count":1724,"self":0.0060052,"total":0.0060052,"children":null}}}