{"count":1,"gauges":{},"self":133.3596928,"total":185.3555844,"children":{"AgentResetIfDone":{"count":9253,"self":0.0998819,"total":0.0998819,"children":null},"AgentSendState":{"count":9253,"self":0.1081438,"total":0.12499819999999999,"children":{"CollectObservations":{"count":2502,"self":0.0168544,"total":0.0168544,"children":null}}},"DecideAction":{"count":9253,"self":47.988614399999996,"total":51.7049509,"children":{"CameraSensor.WriteToTensor":{"count":2476,"self":3.7163351999999996,"total":3.7163353,"children":null}}},"AgentAct":{"count":9253,"self":0.0660576,"total":0.0660576,"children":null}}}